EndID,team_end_count,powerplays,power_play_rate
1,688,0,0.0
2,688,1,0.0014534883720930232
3,688,15,0.02180232558139535
4,688,27,0.03924418604651163
5,688,77,0.1119186046511628
6,688,205,0.29796511627906974
7,598,208,0.34782608695652173
8,482,65,0.13485477178423236
9,66,0,0.0
