PowerPlayUsed,score_state_bin,observations,share
False,<= -3,531,0.11355859709153122
False,-2/-1,1067,0.22818648417450813
False,0,1251,0.26753635585970914
False,+1,645,0.13793840889649273
False,+2/+3,805,0.1721556886227545
False,>= +4,377,0.08062446535500428
True,<= -3,218,0.36454849498327757
True,-2/-1,158,0.26421404682274247
True,0,75,0.1254180602006689
True,+1,61,0.1020066889632107
True,+2/+3,65,0.10869565217391304
True,>= +4,21,0.03511705685618729
