Strategy,N,Expected_Value,Std_Dev,CVaR_10,CVaR_20,P_Big_End,P_Steal,Max_Score,Median
Draw/Guard,389,1.4010282776349614,2.0876916741206455,4.083333333333333,4.083333333333333,0.2159383033419023,0.20822622107969152,9,1.0
Guard Wall,203,1.2610837438423645,1.5774934310502449,3.2439024390243905,3.2439024390243905,0.2019704433497537,0.1921182266009852,5,1.0
