Strategy,N,Expected_Value,Std_Dev,CVaR_10,CVaR_20,P_Big_End,P_Steal,Max_Score,Median
Draw/Guard,389,1.699228791773779,1.7057364041088352,4.083333333333333,4.083333333333333,0.2159383033419023,0.0,9,1.0
Guard Wall,203,1.5320197044334976,1.1197771416234463,3.2439024390243905,3.2439024390243905,0.2019704433497537,0.0,5,1.0
