cluster,objective,baseline_expected_points,recommended_option,best_value,Runback Pressure,Guard Wall,Freeze Tap,Draw / Guard
0,expected_value,1.325,Freeze Tap,0.2,0.5,1.2610837438423648,0.2,1.4010282776349614
1,expected_value,1.1428235844017094,Freeze Tap,0.2,0.5,1.2610837438423648,0.2,1.4010282776349614
2,expected_value,1.5829842307293287,Freeze Tap,0.2,0.5,1.2610837438423648,0.2,1.4010282776349614
0,minimize_big_end,1.325,Freeze Tap,0.0,0.1,0.20197044334975373,0.0,0.2159383033419023
1,minimize_big_end,1.1428235844017094,Freeze Tap,0.0,0.1,0.20197044334975373,0.0,0.2159383033419023
2,minimize_big_end,1.5829842307293287,Freeze Tap,0.0,0.1,0.20197044334975373,0.0,0.2159383033419023
0,maximize_steal,1.325,Runback Pressure,0.30000000000000004,0.30000000000000004,0.19211822660098526,0.2,0.20822622107969152
1,maximize_steal,1.1428235844017094,Runback Pressure,0.30000000000000004,0.30000000000000004,0.19211822660098526,0.2,0.20822622107969152
2,maximize_steal,1.5829842307293287,Runback Pressure,0.30000000000000004,0.30000000000000004,0.19211822660098526,0.2,0.20822622107969152
