cluster,baseline_expected_points,recommended_option,recommended_expected_points,reduction,Guard Wall,Freeze Tap,Runback Pressure
0,1.4834710743801651,Freeze Tap,1.1907024793388428,0.29276859504132235,1.3223140495867767,1.1907024793388428,1.5466528925619834
1,1.1313868613138687,Freeze Tap,0.9321167883211681,0.1992700729927006,1.0766423357664237,0.9321167883211681,1.1839781021897808
2,1.7740384615384615,Freeze Tap,1.4052884615384613,0.36875000000000013,1.5829326923076923,1.4052884615384613,1.8713461538461538
