cluster,objective,baseline_expected_points,recommended_option,best_value,Draw / Guard,Guard Wall
0,expected_value,1.4834710743801651,Draw / Guard,1.4867724867724865,1.4867724867724865,1.5320197044334978
1,expected_value,1.1313868613138687,Draw / Guard,1.4867724867724865,1.4867724867724865,1.5320197044334978
2,expected_value,1.7740384615384615,Draw / Guard,1.4867724867724865,1.4867724867724865,1.5320197044334978
0,minimize_big_end,1.4834710743801651,Draw / Guard,0.1931216931216931,0.1931216931216931,0.20197044334975373
1,minimize_big_end,1.1313868613138687,Draw / Guard,0.1931216931216931,0.1931216931216931,0.20197044334975373
2,minimize_big_end,1.7740384615384615,Draw / Guard,0.1931216931216931,0.1931216931216931,0.20197044334975373
0,maximize_steal,1.4834710743801651,Draw / Guard,0.0,0.0,0.0
1,maximize_steal,1.1313868613138687,Draw / Guard,0.0,0.0,0.0
2,maximize_steal,1.7740384615384615,Draw / Guard,0.0,0.0,0.0
