End,Strategy,N,EV,CVaR_10,P(>=3),P(Steal),Recommended_Profile
5,Draw/Guard,41,1.4634146341463414,3.0,21.951219512195124,0.0,Standard
5,Guard Wall,36,1.6111111111111112,3.2,27.77777777777778,0.0,Standard
6,Draw/Guard,123,1.6178861788617886,3.3793103448275863,23.577235772357724,0.0,Standard
6,Guard Wall,81,1.382716049382716,3.1538461538461537,16.049382716049383,0.0,Standard
7,Draw/Guard,151,1.6291390728476822,3.4375,21.192052980132452,0.0,Standard
7,Guard Wall,54,1.7407407407407407,3.5454545454545454,20.37037037037037,0.0,Standard
8,Draw/Guard,53,2.660377358490566,9.0,26.41509433962264,0.0,Standard
8,Guard Wall,11,1.9090909090909092,3.0,36.36363636363637,0.0,Standard
