End,Strategy,N,EV,CVaR_10,P(>=3),P(Steal),Recommended_Profile
5,Draw/Guard,41,1.2195121951219512,3.0,21.951219512195124,21.951219512195124,Aggressive
5,Guard Wall,36,1.3055555555555556,3.2,27.77777777777778,19.444444444444446,Aggressive
6,Draw/Guard,123,1.3739837398373984,3.3793103448275863,23.577235772357724,17.88617886178862,Aggressive
6,Guard Wall,81,1.0864197530864197,3.1538461538461537,16.049382716049383,23.456790123456788,Aggressive
7,Draw/Guard,151,1.3443708609271523,3.4375,21.192052980132452,19.205298013245034,Aggressive
7,Guard Wall,54,1.4814814814814814,3.5454545454545454,20.37037037037037,14.814814814814813,Standard
8,Draw/Guard,53,2.3207547169811322,9.0,26.41509433962264,24.528301886792452,Aggressive
8,Guard Wall,11,1.9090909090909092,3.0,36.36363636363637,0.0,Standard
