Strategy,High_EV,Low_EV,Cost_of_Miss,N_High,N_Low
Draw / Guard,1.655844155844156,1.8641975308641976,0.2083533750200417,308,81
Guard Wall,1.5220588235294117,1.5522388059701493,0.030179982440737607,136,67
Runback Pressure,0.0,2.5,2.5,1,2
