Strategy,N,E_High,E_Low,Gap,Pct_Penalty,Slope,R_Squared,Slope_P_Value
Draw/Guard,389,1.655844155844156,1.8641975308641976,0.2083533750200417,12.582909707092712,-0.0805442644915401,0.0032552561413176054,0.2616112946328277
Guard Wall,203,1.5220588235294117,1.5522388059701493,0.030179982440737607,1.982839426058123,-0.036766452839154244,0.0026426421629629007,0.4663744458719694
