Strategy,N,E_High,E_Low,Gap,Pct_Penalty,Slope,R_Squared,Slope_P_Value
Draw/Guard,389,1.3409090909090908,1.6296296296296295,0.2887205387205387,21.531701192718142,-0.10331700781271212,0.003575614461484698,0.23934404369394935
Guard Wall,203,1.2573529411764706,1.2686567164179106,0.011303775241439995,0.8990137034127715,-0.050754335946780756,0.0025375188243470874,0.47538961634307986
