Task,Probability
0,0.7410088199020717
1,0.0013238274769302684
2,0.15031801490519478
3,0.04314385726527217
4,0.054999666780555255
5,0.008560086076551968
6,0.0
8,0.0
10,0.0
11,0.0006457275934235992
