Feature,Importance
Task_1,0.41645252412694395
Points_1,0.28963760468778615
stone_1_y_1,0.16030838409439757
stone_1_x_1,0.13360148709087225
