ScoreDiffBin,PP_N,PP_Mean,NoPP_N,NoPP_Mean,Diff
<= -2,289,1.4705882352941178,830,1.5012048192771084,-0.03061658398299061
-1,87,1.7816091954022988,427,1.1639344262295082,0.6176747691727906
0,75,1.52,268,1.1119402985074627,0.40805970149253734
+1,61,1.6557377049180328,182,1.2692307692307692,0.3865069356872637
>= +2,86,2.1744186046511627,332,1.4819277108433735,0.6924908938077892
