End,PP_Mean,PP_Std,PP_N,NonPP_Mean,NonPP_Std,NonPP_N,Difference,Cohens_d,P_Value
3,1.0,1.0,15,0.7399702823179792,0.9286244943444565,673,0.26002971768202077,0.26946855543358783,0.28460585852970977
4,0.9629629629629629,0.8077262236808042,27,0.8018154311649016,1.0143200599734528,661,0.1611475317980613,0.17576011685904874,0.41545001118622726
5,1.5324675324675325,1.1307242158110271,77,0.7512274959083469,1.0001529222238466,611,0.7812400365591856,0.7318840374961716,3.6372348928065504e-10
6,1.526829268292683,1.1738624844812535,205,0.5652173913043478,0.8840397328873125,483,0.9616118769883352,0.9254229927185831,2.6410572659886987e-29
7,1.6682692307692308,1.2120780593058407,208,0.6923076923076923,1.4133743494246767,390,0.9759615384615385,0.7412859950497231,2.4218843892749403e-16
8,2.5076923076923077,3.082830866889417,65,2.7529976019184654,3.6740902697253355,417,-0.24530529422615777,-0.07233220503152313,0.609684919386293
